{
  "__inputs": [
    {
      "name": "DS_TEST-CLUSTER",
      "label": "test-cluster",
      "description": "",
      "type": "datasource",
      "pluginId": "prometheus",
      "pluginName": "Prometheus"
    }
  ],
  "__requires": [
    {
      "type": "grafana",
      "id": "grafana",
      "name": "Grafana",
      "version": "6.1.6"
    },
    {
      "type": "panel",
      "id": "graph",
      "name": "Graph",
      "version": ""
    },
    {
      "type": "panel",
      "id": "heatmap",
      "name": "Heatmap",
      "version": ""
    },
    {
      "type": "datasource",
      "id": "prometheus",
      "name": "Prometheus",
      "version": "1.0.0"
    },
    {
      "type": "panel",
      "id": "table",
      "name": "Table",
      "version": ""
    }
  ],
  "annotations": {
    "list": [
      {
        "builtIn": 1,
        "datasource": "${DS_TEST-CLUSTER}",
        "enable": true,
        "hide": true,
        "iconColor": "rgba(0, 211, 255, 1)",
        "name": "Annotations & Alerts",
        "type": "dashboard"
      }
    ]
  },
  "editable": true,
  "gnetId": null,
  "graphTooltip": 1,
  "id": null,
  "iteration": 1609129954697,
  "links": [],
  "panels": [
    {
      "collapsed": true,
      "gridPos": {
        "h": 1,
        "w": 24,
        "x": 0,
        "y": 0
      },
      "id": 15,
      "panels": [
        {
          "aliasColors": {},
          "bars": false,
          "dashLength": 10,
          "dashes": false,
          "datasource": "${DS_TEST-CLUSTER}",
          "decimals": 1,
          "editable": true,
          "error": false,
          "fill": 0,
          "grid": {},
          "gridPos": {
            "h": 6,
            "w": 12,
            "x": 0,
            "y": 1
          },
          "id": 4,
          "legend": {
            "alignAsTable": true,
            "avg": false,
            "current": true,
            "hideEmpty": true,
            "max": true,
            "min": false,
            "rightSide": true,
            "show": true,
            "sideWidth": null,
            "sort": "current",
            "sortDesc": true,
            "total": false,
            "values": true
          },
          "lines": true,
          "linewidth": 1,
          "links": [],
          "nullPointMode": "null",
          "percentage": false,
          "pointradius": 5,
          "points": false,
          "renderer": "flot",
          "seriesOverrides": [
            {
              "alias": "/backup-count.*/",
              "yaxis": 2
            }
          ],
          "spaceLength": 10,
          "stack": false,
          "steppedLine": false,
          "targets": [
            {
              "expr": "sum(rate(tikv_thread_cpu_seconds_total{k8s_cluster=\"$k8s_cluster\", tidb_cluster=\"$tidb_cluster\", instance=~\"$instance\", name=~\"(backup-worker|bkwkr).*\"}[1m])) by (instance)",
              "format": "time_series",
              "hide": false,
              "intervalFactor": 2,
              "legendFormat": "backup-{{instance}}",
              "metric": "tikv_thread_cpu_seconds_total",
              "refId": "A",
              "step": 4
            },
            {
              "expr": "sum(rate(tikv_thread_cpu_seconds_total{k8s_cluster=\"$k8s_cluster\", tidb_cluster=\"$tidb_cluster\", instance=~\"$instance\", name=~\"backup_endpoint\"}[1m])) by (instance)",
              "format": "time_series",
              "hide": true,
              "intervalFactor": 2,
              "legendFormat": "backup-endpoint",
              "metric": "tikv_thread_cpu_seconds_total",
              "refId": "B",
              "step": 4
            },
            {
              "expr": "sum(rate(tikv_thread_cpu_seconds_total{k8s_cluster=\"$k8s_cluster\", tidb_cluster=\"$tidb_cluster\", instance=~\"$instance\", name=~\"(backup-worker|bkwkr).*\"}[1m])) by (instance, tid) > 0",
              "format": "time_series",
              "hide": true,
              "intervalFactor": 2,
              "legendFormat": "backup-{{instance}}-{{tid}}",
              "metric": "tikv_thread_cpu_seconds_total",
              "refId": "C",
              "step": 4
            },
            {
              "expr": "sum(tikv_backup_thread_pool_size{k8s_cluster=\"$k8s_cluster\", tidb_cluster=\"$tidb_cluster\", instance=~\"$instance\"}) by(instance)",
              "format": "time_series",
              "hide": true,
              "intervalFactor": 2,
              "legendFormat": "backup-count-{{instance}}",
              "metric": "tikv_thread_cpu_seconds_total",
              "refId": "D",
              "step": 4
            }
          ],
          "thresholds": [],
          "timeFrom": null,
          "timeRegions": [],
          "timeShift": null,
          "title": "Backup CPU Utilization",
          "tooltip": {
            "msResolution": false,
            "shared": true,
            "sort": 0,
            "value_type": "individual"
          },
          "type": "graph",
          "xaxis": {
            "buckets": null,
            "mode": "time",
            "name": null,
            "show": true,
            "values": []
          },
          "yaxes": [
            {
              "format": "percentunit",
              "label": null,
              "logBase": 1,
              "max": null,
              "min": null,
              "show": true
            },
            {
              "format": "short",
              "label": null,
              "logBase": 1,
              "max": null,
              "min": null,
              "show": true
            }
          ],
          "yaxis": {
            "align": false,
            "alignLevel": null
          }
        },
        {
          "columns": [
            {
              "text": "Current",
              "value": "current"
            }
          ],
          "datasource": "${DS_TEST-CLUSTER}",
          "fontSize": "100%",
          "gridPos": {
            "h": 6,
            "w": 4,
            "x": 12,
            "y": 1
          },
          "id": 35,
          "links": [],
          "pageSize": null,
          "scroll": true,
          "showHeader": true,
          "sort": {
            "col": 0,
            "desc": true
          },
          "styles": [
            {
              "alias": "Time",
              "dateFormat": "YYYY-MM-DD HH:mm:ss",
              "pattern": "Time",
              "type": "date"
            },
            {
              "alias": "",
              "colorMode": null,
              "colors": [
                "rgba(245, 54, 54, 0.9)",
                "rgba(237, 129, 40, 0.89)",
                "rgba(50, 172, 45, 0.97)"
              ],
              "decimals": 2,
              "pattern": "/.*/",
              "thresholds": [],
              "type": "number",
              "unit": "short"
            }
          ],
          "targets": [
            {
              "expr": "sum(tikv_backup_thread_pool_size{k8s_cluster=\"$k8s_cluster\", tidb_cluster=\"$tidb_cluster\", instance=~\"$instance\"}) by(instance)",
              "format": "time_series",
              "interval": "",
              "intervalFactor": 1,
              "legendFormat": "{{instance}}",
              "refId": "A"
            }
          ],
          "timeFrom": null,
          "timeShift": null,
          "title": "Backup Thread Count",
          "transform": "timeseries_aggregations",
          "type": "table"
        },
        {
          "aliasColors": {},
          "bars": false,
          "dashLength": 10,
          "dashes": false,
          "datasource": "${DS_TEST-CLUSTER}",
          "decimals": 2,
          "description": "",
          "fill": 1,
          "gridPos": {
            "h": 6,
            "w": 8,
            "x": 16,
            "y": 1
          },
          "id": 10,
          "legend": {
            "alignAsTable": true,
            "avg": false,
            "current": true,
            "max": true,
            "min": false,
            "rightSide": true,
            "show": true,
            "total": false,
            "values": true
          },
          "lines": true,
          "linewidth": 1,
          "links": [],
          "nullPointMode": "null as zero",
          "percentage": false,
          "pointradius": 2,
          "points": false,
          "renderer": "flot",
          "seriesOverrides": [],
          "spaceLength": 10,
          "stack": false,
          "steppedLine": false,
          "targets": [
            {
              "expr": "delta(tikv_backup_error_counter{k8s_cluster=\"$k8s_cluster\", tidb_cluster=\"$tidb_cluster\", instance=~\"$instance\"}[1m])",
              "format": "time_series",
              "hide": false,
              "intervalFactor": 1,
              "legendFormat": "{{error}} {{instance}}",
              "refId": "A"
            }
          ],
          "thresholds": [],
          "timeFrom": null,
          "timeRegions": [],
          "timeShift": null,
          "title": "Backup Errors",
          "tooltip": {
            "shared": true,
            "sort": 0,
            "value_type": "individual"
          },
          "type": "graph",
          "xaxis": {
            "buckets": null,
            "mode": "time",
            "name": null,
            "show": true,
            "values": []
          },
          "yaxes": [
            {
              "format": "none",
              "label": null,
              "logBase": 1,
              "max": null,
              "min": "0",
              "show": true
            },
            {
              "format": "none",
              "label": null,
              "logBase": 1,
              "max": null,
              "min": "0",
              "show": true
            }
          ],
          "yaxis": {
            "align": false,
            "alignLevel": null
          }
        },
        {
          "cards": {
            "cardPadding": 0,
            "cardRound": 0
          },
          "color": {
            "cardColor": "#FF9830",
            "colorScale": "linear",
            "colorScheme": "interpolateSpectral",
            "exponent": 0.5,
            "max": null,
            "min": 0,
            "mode": "spectrum"
          },
          "dataFormat": "tsbuckets",
          "datasource": "${DS_TEST-CLUSTER}",
          "description": "",
          "gridPos": {
            "h": 6,
            "w": 8,
            "x": 0,
            "y": 7
          },
          "heatmap": {},
          "hideZeroBuckets": true,
          "highlightCards": true,
          "id": 37,
          "legend": {
            "alignAsTable": true,
            "avg": false,
            "current": true,
            "max": true,
            "min": false,
            "rightSide": true,
            "show": true,
            "sort": "current",
            "sortDesc": true,
            "total": false,
            "values": true
          },
          "links": [],
          "reverseYBuckets": false,
          "targets": [
            {
              "expr": "max(rate(tikv_backup_range_size_bytes_bucket{k8s_cluster=\"$k8s_cluster\", tidb_cluster=\"$tidb_cluster\", instance=~\"$instance\", cf=\"write\"}[1m])) by (le)",
              "format": "heatmap",
              "instant": false,
              "intervalFactor": 2,
              "legendFormat": "{{le}}",
              "refId": "A"
            }
          ],
          "title": "Backup Write CF SST Size",
          "tooltip": {
            "show": true,
            "showHistogram": true
          },
          "tooltipDecimals": 1,
          "type": "heatmap",
          "xAxis": {
            "show": true
          },
          "xBucketNumber": null,
          "xBucketSize": null,
          "yAxis": {
            "decimals": 1,
            "format": "bytes",
            "logBase": 1,
            "max": null,
            "min": null,
            "show": true,
            "splitFactor": null
          },
          "yBucketBound": "upper",
          "yBucketNumber": null,
          "yBucketSize": null
        },
        {
          "cards": {
            "cardPadding": 0,
            "cardRound": 0
          },
          "color": {
            "cardColor": "#FF9830",
            "colorScale": "linear",
            "colorScheme": "interpolateSpectral",
            "exponent": 0.5,
            "max": null,
            "min": 0,
            "mode": "spectrum"
          },
          "dataFormat": "tsbuckets",
          "datasource": "${DS_TEST-CLUSTER}",
          "description": "",
          "gridPos": {
            "h": 6,
            "w": 8,
            "x": 8,
            "y": 7
          },
          "heatmap": {},
          "hideZeroBuckets": true,
          "highlightCards": true,
          "id": 38,
          "legend": {
            "alignAsTable": true,
            "avg": false,
            "current": true,
            "max": true,
            "min": false,
            "rightSide": true,
            "show": true,
            "sort": "current",
            "sortDesc": true,
            "total": false,
            "values": true
          },
          "links": [],
          "reverseYBuckets": false,
          "targets": [
            {
              "expr": "max(rate(tikv_backup_range_size_bytes_bucket{k8s_cluster=\"$k8s_cluster\", tidb_cluster=\"$tidb_cluster\", instance=~\"$instance\", cf=\"default\"}[1m])) by (le)",
              "format": "heatmap",
              "instant": false,
              "intervalFactor": 2,
              "legendFormat": "{{le}}",
              "refId": "A"
            }
          ],
          "title": "Backup Default CF SST Size",
          "tooltip": {
            "show": true,
            "showHistogram": true
          },
          "tooltipDecimals": 1,
          "type": "heatmap",
          "xAxis": {
            "show": true
          },
          "xBucketNumber": null,
          "xBucketSize": null,
          "yAxis": {
            "decimals": 1,
            "format": "bytes",
            "logBase": 1,
            "max": null,
            "min": null,
            "show": true,
            "splitFactor": null
          },
          "yBucketBound": "upper",
          "yBucketNumber": null,
          "yBucketSize": null
        },
        {
          "aliasColors": {},
          "bars": false,
          "dashLength": 10,
          "dashes": false,
          "datasource": "${DS_TEST-CLUSTER}",
          "editable": true,
          "error": false,
          "fill": 1,
          "grid": {},
          "gridPos": {
            "h": 6,
            "w": 8,
            "x": 16,
            "y": 7
          },
          "id": 2,
          "legend": {
            "alignAsTable": true,
            "avg": false,
            "current": true,
            "max": true,
            "min": false,
            "rightSide": true,
            "show": true,
            "sort": "max",
            "sortDesc": true,
            "total": false,
            "values": true
          },
          "lines": true,
          "linewidth": 1,
          "links": [],
          "nullPointMode": "null",
          "percentage": false,
          "pointradius": 5,
          "points": false,
          "renderer": "flot",
          "seriesOverrides": [
            {
              "alias": "total",
              "yaxis": 2
            }
          ],
          "spaceLength": 10,
          "stack": false,
          "steppedLine": false,
          "targets": [
            {
              "expr": "sum(rate(tikv_backup_range_size_bytes_sum{k8s_cluster=\"$k8s_cluster\", tidb_cluster=\"$tidb_cluster\", instance=~\"$instance\"}[1m]))",
              "format": "time_series",
              "hide": false,
              "intervalFactor": 2,
              "legendFormat": "total",
              "metric": "",
              "refId": "A",
              "step": 4
            },
            {
              "expr": "rate(tikv_backup_range_size_bytes_sum{k8s_cluster=\"$k8s_cluster\", tidb_cluster=\"$tidb_cluster\"}[1m])",
              "format": "time_series",
              "hide": false,
              "intervalFactor": 2,
              "legendFormat": "{{instance}} {{cf}}",
              "metric": "",
              "refId": "B",
              "step": 4
            }
          ],
          "thresholds": [],
          "timeFrom": null,
          "timeRegions": [],
          "timeShift": null,
          "title": "Backup SST Generation Throughput",
          "tooltip": {
            "msResolution": false,
            "shared": true,
            "sort": 0,
            "value_type": "cumulative"
          },
          "type": "graph",
          "xaxis": {
            "buckets": null,
            "mode": "time",
            "name": null,
            "show": true,
            "values": []
          },
          "yaxes": [
            {
              "format": "Bps",
              "label": null,
              "logBase": 1,
              "max": null,
              "min": null,
              "show": true
            },
            {
              "format": "Bps",
              "label": null,
              "logBase": 1,
              "max": null,
              "min": null,
              "show": true
            }
          ],
          "yaxis": {
            "align": false,
            "alignLevel": null
          }
        },
        {
          "cards": {
            "cardPadding": 0,
            "cardRound": 0
          },
          "color": {
            "cardColor": "#FF9830",
            "colorScale": "linear",
            "colorScheme": "interpolateSpectral",
            "exponent": 0.5,
            "max": null,
            "min": 0,
            "mode": "spectrum"
          },
          "dataFormat": "tsbuckets",
          "datasource": "${DS_TEST-CLUSTER}",
          "description": "",
          "gridPos": {
            "h": 6,
            "w": 4,
            "x": 0,
            "y": 13
          },
          "heatmap": {},
          "hideZeroBuckets": true,
          "highlightCards": true,
          "id": 44,
          "legend": {
            "alignAsTable": true,
            "avg": false,
            "current": true,
            "max": true,
            "min": false,
            "rightSide": true,
            "show": true,
            "sort": "current",
            "sortDesc": true,
            "total": false,
            "values": true
          },
          "links": [],
          "reverseYBuckets": false,
          "targets": [
            {
              "expr": "max(rate(tikv_backup_range_duration_seconds_bucket{k8s_cluster=\"$k8s_cluster\", tidb_cluster=\"$tidb_cluster\", instance=~\"$instance\", type=\"snapshot\"}[1m])) by (le)",
              "format": "heatmap",
              "instant": false,
              "intervalFactor": 2,
              "legendFormat": "{{le}}",
              "refId": "A"
            }
          ],
          "title": "Backup Snapshot Duration",
          "tooltip": {
            "show": true,
            "showHistogram": true
          },
          "tooltipDecimals": 1,
          "type": "heatmap",
          "xAxis": {
            "show": true
          },
          "xBucketNumber": null,
          "xBucketSize": null,
          "yAxis": {
            "decimals": 1,
            "format": "s",
            "logBase": 1,
            "max": null,
            "min": null,
            "show": true,
            "splitFactor": null
          },
          "yBucketBound": "upper",
          "yBucketNumber": null,
          "yBucketSize": null
        },
        {
          "cards": {
            "cardPadding": 0,
            "cardRound": 0
          },
          "color": {
            "cardColor": "#FF9830",
            "colorScale": "linear",
            "colorScheme": "interpolateSpectral",
            "exponent": 0.5,
            "max": null,
            "min": 0,
            "mode": "spectrum"
          },
          "dataFormat": "tsbuckets",
          "datasource": "${DS_TEST-CLUSTER}",
          "description": "",
          "gridPos": {
            "h": 6,
            "w": 6,
            "x": 4,
            "y": 13
          },
          "heatmap": {},
          "hideZeroBuckets": true,
          "highlightCards": true,
          "id": 40,
          "legend": {
            "alignAsTable": true,
            "avg": false,
            "current": true,
            "max": true,
            "min": false,
            "rightSide": true,
            "show": true,
            "sort": "current",
            "sortDesc": true,
            "total": false,
            "values": true
          },
          "links": [],
          "reverseYBuckets": false,
          "targets": [
            {
              "expr": "max(rate(tikv_backup_range_duration_seconds_bucket{k8s_cluster=\"$k8s_cluster\", tidb_cluster=\"$tidb_cluster\", instance=~\"$instance\", type=\"scan\"}[1m])) by (le)",
              "format": "heatmap",
              "instant": false,
              "intervalFactor": 2,
              "legendFormat": "{{le}}",
              "refId": "A"
            }
          ],
          "title": "Backup Scan SST Duration",
          "tooltip": {
            "show": true,
            "showHistogram": true
          },
          "tooltipDecimals": 1,
          "type": "heatmap",
          "xAxis": {
            "show": true
          },
          "xBucketNumber": null,
          "xBucketSize": null,
          "yAxis": {
            "decimals": 1,
            "format": "s",
            "logBase": 1,
            "max": null,
            "min": null,
            "show": true,
            "splitFactor": null
          },
          "yBucketBound": "upper",
          "yBucketNumber": null,
          "yBucketSize": null
        },
        {
          "cards": {
            "cardPadding": 0,
            "cardRound": 0
          },
          "color": {
            "cardColor": "#FF9830",
            "colorScale": "linear",
            "colorScheme": "interpolateSpectral",
            "exponent": 0.5,
            "max": null,
            "min": 0,
            "mode": "spectrum"
          },
          "dataFormat": "tsbuckets",
          "datasource": "${DS_TEST-CLUSTER}",
          "description": "",
          "gridPos": {
            "h": 6,
            "w": 6,
            "x": 10,
            "y": 13
          },
          "heatmap": {},
          "hideZeroBuckets": true,
          "highlightCards": true,
          "id": 39,
          "legend": {
            "alignAsTable": true,
            "avg": false,
            "current": true,
            "max": true,
            "min": false,
            "rightSide": true,
            "show": true,
            "sort": "current",
            "sortDesc": true,
            "total": false,
            "values": true
          },
          "links": [],
          "reverseYBuckets": false,
          "targets": [
            {
              "expr": "max(rate(tikv_backup_range_duration_seconds_bucket{k8s_cluster=\"$k8s_cluster\", tidb_cluster=\"$tidb_cluster\", instance=~\"$instance\", type=~\"save.*\"}[1m])) by (le)",
              "format": "heatmap",
              "instant": false,
              "intervalFactor": 2,
              "legendFormat": "{{le}}",
              "refId": "A"
            }
          ],
          "title": "Backup Save SST Duration",
          "tooltip": {
            "show": true,
            "showHistogram": true
          },
          "tooltipDecimals": 1,
          "type": "heatmap",
          "xAxis": {
            "show": true
          },
          "xBucketNumber": null,
          "xBucketSize": null,
          "yAxis": {
            "decimals": 1,
            "format": "s",
            "logBase": 1,
            "max": null,
            "min": null,
            "show": true,
            "splitFactor": null
          },
          "yBucketBound": "upper",
          "yBucketNumber": null,
          "yBucketSize": null
        },
        {
          "aliasColors": {},
          "bars": false,
          "dashLength": 10,
          "dashes": false,
          "datasource": "${DS_TEST-CLUSTER}",
          "editable": true,
          "error": false,
          "fill": 1,
          "grid": {},
          "gridPos": {
            "h": 6,
            "w": 8,
            "x": 16,
            "y": 13
          },
          "id": 6,
          "legend": {
            "alignAsTable": true,
            "avg": false,
            "current": true,
            "max": true,
            "min": false,
            "rightSide": true,
            "show": true,
            "sort": "max",
            "sortDesc": true,
            "total": false,
            "values": true
          },
          "lines": true,
          "linewidth": 1,
          "links": [],
          "nullPointMode": "null",
          "percentage": false,
          "pointradius": 5,
          "points": false,
          "renderer": "flot",
          "seriesOverrides": [],
          "spaceLength": 10,
          "stack": false,
          "steppedLine": false,
          "targets": [
            {
              "expr": "histogram_quantile(0.99, sum(rate(tikv_backup_range_duration_seconds_bucket{k8s_cluster=\"$k8s_cluster\", tidb_cluster=\"$tidb_cluster\", instance=~\"$instance\"}[1m])) by (le, type))",
              "format": "time_series",
              "intervalFactor": 2,
              "legendFormat": "{{type}} - 99%",
              "metric": "",
              "refId": "A",
              "step": 4
            },
            {
              "expr": "histogram_quantile(0.95, sum(rate(tikv_backup_range_duration_seconds_bucket{k8s_cluster=\"$k8s_cluster\", tidb_cluster=\"$tidb_cluster\", instance=~\"$instance\"}[1m])) by (le, type))",
              "format": "time_series",
              "intervalFactor": 2,
              "legendFormat": "{{type}} - 95%",
              "refId": "B",
              "step": 4
            },
            {
              "expr": "sum(rate(tikv_backup_range_duration_seconds_sum{k8s_cluster=\"$k8s_cluster\", tidb_cluster=\"$tidb_cluster\", instance=~\"$instance\"}[1m])) by (type) / sum(rate(tikv_backup_range_duration_seconds_count{k8s_cluster=\"$k8s_cluster\", tidb_cluster=\"$tidb_cluster\", instance=~\"$instance\"}[1m])) by (type)",
              "format": "time_series",
              "intervalFactor": 2,
              "legendFormat": "{{type}} - avg",
              "refId": "C",
              "step": 4
            }
          ],
          "thresholds": [],
          "timeFrom": null,
          "timeRegions": [],
          "timeShift": null,
          "title": "Backup SST Duration",
          "tooltip": {
            "msResolution": false,
            "shared": true,
            "sort": 0,
            "value_type": "cumulative"
          },
          "type": "graph",
          "xaxis": {
            "buckets": null,
            "mode": "time",
            "name": null,
            "show": true,
            "values": []
          },
          "yaxes": [
            {
              "format": "s",
              "label": null,
              "logBase": 1,
              "max": null,
              "min": null,
              "show": true
            },
            {
              "format": "short",
              "label": null,
              "logBase": 1,
              "max": null,
              "min": null,
              "show": true
            }
          ],
          "yaxis": {
            "align": false,
            "alignLevel": null
          }
        },
        {
          "cards": {
            "cardPadding": 0,
            "cardRound": 0
          },
          "color": {
            "cardColor": "#FF9830",
            "colorScale": "linear",
            "colorScheme": "interpolateSpectral",
            "exponent": 0.5,
            "max": null,
            "min": 0,
            "mode": "spectrum"
          },
          "dataFormat": "tsbuckets",
          "datasource": "${DS_TEST-CLUSTER}",
          "description": "",
          "gridPos": {
            "h": 7,
            "w": 12,
            "x": 0,
            "y": 19
          },
          "heatmap": {},
          "hideZeroBuckets": true,
          "highlightCards": true,
          "id": 41,
          "legend": {
            "alignAsTable": true,
            "avg": false,
            "current": true,
            "max": true,
            "min": false,
            "rightSide": true,
            "show": true,
            "sort": "current",
            "sortDesc": true,
            "total": false,
            "values": true
          },
          "links": [],
          "reverseYBuckets": false,
          "targets": [
            {
              "expr": "max(rate(tikv_external_storage_create_seconds_bucket{k8s_cluster=\"$k8s_cluster\", tidb_cluster=\"$tidb_cluster\", instance=~\"$instance\"}[1m])) by (le)",
              "format": "heatmap",
              "instant": false,
              "intervalFactor": 2,
              "legendFormat": "{{le}}",
              "refId": "A"
            }
          ],
          "title": "External Storage Create Duration",
          "tooltip": {
            "show": true,
            "showHistogram": true
          },
          "tooltipDecimals": 1,
          "type": "heatmap",
          "xAxis": {
            "show": true
          },
          "xBucketNumber": null,
          "xBucketSize": null,
          "yAxis": {
            "decimals": 1,
            "format": "s",
            "logBase": 1,
            "max": null,
            "min": null,
            "show": true,
            "splitFactor": null
          },
          "yBucketBound": "upper",
          "yBucketNumber": null,
          "yBucketSize": null
        },
        {
          "aliasColors": {},
          "bars": false,
          "dashLength": 10,
          "dashes": false,
          "datasource": "${DS_TEST-CLUSTER}",
          "decimals": 1,
          "description": "",
          "editable": true,
          "error": false,
          "fill": 1,
          "grid": {},
          "gridPos": {
            "h": 7,
            "w": 12,
            "x": 12,
            "y": 19
          },
          "id": 43,
          "legend": {
            "alignAsTable": true,
            "avg": false,
            "current": true,
            "hideEmpty": false,
            "max": true,
            "min": false,
            "rightSide": true,
            "show": true,
            "sideWidth": null,
            "sort": "current",
            "sortDesc": true,
            "total": false,
            "values": true
          },
          "lines": true,
          "linewidth": 1,
          "links": [],
          "nullPointMode": "null as zero",
          "percentage": false,
          "pointradius": 5,
          "points": false,
          "renderer": "flot",
          "seriesOverrides": [],
          "spaceLength": 10,
          "stack": false,
          "steppedLine": false,
          "targets": [
            {
              "expr": "histogram_quantile(1, sum(rate(tikv_external_storage_create_seconds_bucket{k8s_cluster=\"$k8s_cluster\", tidb_cluster=\"$tidb_cluster\", instance=~\"$instance\"}[1m])) by (le,type))",
              "format": "time_series",
              "intervalFactor": 2,
              "legendFormat": "{{type}}-100%",
              "refId": "E"
            },
            {
              "expr": "histogram_quantile(0.99, sum(rate(tikv_external_storage_create_seconds_bucket{k8s_cluster=\"$k8s_cluster\", tidb_cluster=\"$tidb_cluster\", instance=~\"$instance\"}[1m])) by (le,type))",
              "format": "time_series",
              "intervalFactor": 2,
              "legendFormat": "{{type}}-99%",
              "refId": "A",
              "step": 4
            }
          ],
          "thresholds": [],
          "timeFrom": null,
          "timeRegions": [],
          "timeShift": null,
          "title": "External Storage Create Duration",
          "tooltip": {
            "msResolution": false,
            "shared": true,
            "sort": 1,
            "value_type": "cumulative"
          },
          "type": "graph",
          "xaxis": {
            "buckets": null,
            "mode": "time",
            "name": null,
            "show": true,
            "values": []
          },
          "yaxes": [
            {
              "decimals": null,
              "format": "s",
              "label": null,
              "logBase": 1,
              "max": null,
              "min": null,
              "show": true
            },
            {
              "format": "short",
              "label": null,
              "logBase": 1,
              "max": null,
              "min": null,
              "show": false
            }
          ],
          "yaxis": {
            "align": false,
            "alignLevel": null
          }
        },
        {
          "aliasColors": {},
          "bars": false,
          "dashLength": 10,
          "dashes": false,
          "datasource": "${DS_TEST-CLUSTER}",
          "decimals": 1,
          "description": "",
          "editable": true,
          "error": false,
          "fill": 1,
          "grid": {},
          "gridPos": {
            "h": 6,
            "w": 12,
            "x": 0,
            "y": 26
          },
          "id": 12,
          "legend": {
            "alignAsTable": true,
            "avg": false,
            "current": true,
            "hideEmpty": false,
            "max": true,
            "min": false,
            "rightSide": true,
            "show": true,
            "sideWidth": null,
            "sort": "current",
            "sortDesc": true,
            "total": false,
            "values": true
          },
          "lines": true,
          "linewidth": 1,
          "links": [],
          "nullPointMode": "null as zero",
          "percentage": false,
          "pointradius": 5,
          "points": false,
          "renderer": "flot",
          "seriesOverrides": [],
          "spaceLength": 10,
          "stack": false,
          "steppedLine": false,
          "targets": [
            {
              "expr": "histogram_quantile(1, sum(rate(tikv_coprocessor_request_duration_seconds_bucket{k8s_cluster=\"$k8s_cluster\", tidb_cluster=\"$tidb_cluster\", instance=~\"$instance\", req=~\"checksum.*|analyze.*\"}[1m])) by (le,req))",
              "format": "time_series",
              "intervalFactor": 2,
              "legendFormat": "{{req}}-100%",
              "refId": "E"
            },
            {
              "expr": "histogram_quantile(0.99, sum(rate(tikv_coprocessor_request_duration_seconds_bucket{k8s_cluster=\"$k8s_cluster\", tidb_cluster=\"$tidb_cluster\", instance=~\"$instance\", req=~\"checksum.*|analyze.*\"}[1m])) by (le,req))",
              "format": "time_series",
              "intervalFactor": 2,
              "legendFormat": "{{req}}-99%",
              "refId": "A",
              "step": 4
            }
          ],
          "thresholds": [],
          "timeFrom": null,
          "timeRegions": [],
          "timeShift": null,
          "title": "Checksum Request Duration",
          "tooltip": {
            "msResolution": false,
            "shared": true,
            "sort": 1,
            "value_type": "cumulative"
          },
          "type": "graph",
          "xaxis": {
            "buckets": null,
            "mode": "time",
            "name": null,
            "show": true,
            "values": []
          },
          "yaxes": [
            {
              "decimals": null,
              "format": "s",
              "label": null,
              "logBase": 1,
              "max": null,
              "min": null,
              "show": true
            },
            {
              "format": "short",
              "label": null,
              "logBase": 1,
              "max": null,
              "min": null,
              "show": false
            }
          ],
          "yaxis": {
            "align": false,
            "alignLevel": null
          }
        },
        {
          "aliasColors": {},
          "bars": false,
          "dashLength": 10,
          "dashes": false,
          "datasource": "${DS_TEST-CLUSTER}",
          "decimals": 1,
          "editable": true,
          "error": false,
          "fill": 0,
          "grid": {},
          "gridPos": {
            "h": 6,
            "w": 12,
            "x": 12,
            "y": 26
          },
          "id": 13,
          "legend": {
            "alignAsTable": true,
            "avg": false,
            "current": true,
            "hideEmpty": true,
            "max": true,
            "min": false,
            "rightSide": true,
            "show": true,
            "sideWidth": null,
            "sort": "current",
            "sortDesc": true,
            "total": false,
            "values": true
          },
          "lines": false,
          "linewidth": 1,
          "links": [],
          "nullPointMode": "null",
          "percentage": false,
          "pointradius": 2,
          "points": true,
          "renderer": "flot",
          "seriesOverrides": [],
          "spaceLength": 10,
          "stack": false,
          "steppedLine": false,
          "targets": [
            {
              "expr": "rate(node_disk_io_time_seconds_total{k8s_cluster=\"$k8s_cluster\", tidb_cluster=\"$tidb_cluster\"}[1m])",
              "format": "time_series",
              "intervalFactor": 2,
              "legendFormat": "{{instance}} - {{device}}",
              "metric": "tikv_thread_cpu_seconds_total",
              "refId": "A",
              "step": 4
            }
          ],
          "thresholds": [],
          "timeFrom": null,
          "timeRegions": [],
          "timeShift": null,
          "title": "IO Utilization",
          "tooltip": {
            "msResolution": false,
            "shared": true,
            "sort": 0,
            "value_type": "individual"
          },
          "type": "graph",
          "xaxis": {
            "buckets": null,
            "mode": "time",
            "name": null,
            "show": true,
            "values": []
          },
          "yaxes": [
            {
              "format": "percentunit",
              "label": null,
              "logBase": 1,
              "max": null,
              "min": null,
              "show": true
            },
            {
              "format": "short",
              "label": null,
              "logBase": 1,
              "max": null,
              "min": null,
              "show": true
            }
          ],
          "yaxis": {
            "align": false,
            "alignLevel": null
          }
        }
      ],
      "title": "Backup",
      "type": "row"
    },
    {
      "collapsed": true,
      "gridPos": {
        "h": 1,
        "w": 24,
        "x": 0,
        "y": 1
      },
      "id": 17,
      "panels": [
        {
          "aliasColors": {},
          "bars": false,
          "dashLength": 10,
          "dashes": false,
          "datasource": "${DS_TEST-CLUSTER}",
          "decimals": 1,
          "editable": true,
          "error": false,
          "fill": 0,
          "grid": {},
          "gridPos": {
            "h": 6,
            "w": 12,
            "x": 0,
            "y": 2
          },
          "id": 55,
          "legend": {
            "alignAsTable": true,
            "avg": false,
            "current": true,
            "hideEmpty": true,
            "max": true,
            "min": false,
            "rightSide": true,
            "show": true,
            "sideWidth": null,
            "sort": "current",
            "sortDesc": true,
            "total": false,
            "values": true
          },
          "lines": true,
          "linewidth": 1,
          "links": [],
          "nullPointMode": "null",
          "percentage": false,
          "pointradius": 5,
          "points": false,
          "renderer": "flot",
          "seriesOverrides": [
            {
              "alias": "/import-count.*/",
              "yaxis": 2
            }
          ],
          "spaceLength": 10,
          "stack": false,
          "steppedLine": false,
          "targets": [
            {
              "expr": "sum(rate(tikv_thread_cpu_seconds_total{k8s_cluster=\"$k8s_cluster\", tidb_cluster=\"$tidb_cluster\", instance=~\"$instance\", name=~\"sst_.*\"}[1m])) by (instance)",
              "format": "time_series",
              "hide": false,
              "intervalFactor": 2,
              "legendFormat": "import-{{instance}}",
              "metric": "tikv_thread_cpu_seconds_total",
              "refId": "A",
              "step": 4
            },
            {
              "expr": "sum(rate(tikv_thread_cpu_seconds_total{k8s_cluster=\"$k8s_cluster\", tidb_cluster=\"$tidb_cluster\", instance=~\"$instance\", name=~\"sst_.*\"}[1m])) by (instance, tid) > 0",
              "format": "time_series",
              "hide": true,
              "intervalFactor": 2,
              "legendFormat": "backup-{{instance}}-{{tid}}",
              "metric": "tikv_thread_cpu_seconds_total",
              "refId": "C",
              "step": 4
            },
            {
              "expr": "count(rate(tikv_thread_cpu_seconds_total{k8s_cluster=\"$k8s_cluster\", tidb_cluster=\"$tidb_cluster\", instance=~\"$instance\", name=~\"sst_.*\"}[1m])) by (instance)",
              "format": "time_series",
              "hide": true,
              "intervalFactor": 2,
              "legendFormat": "import-count-{{instance}}",
              "metric": "tikv_thread_cpu_seconds_total",
              "refId": "D",
              "step": 4
            }
          ],
          "thresholds": [],
          "timeFrom": null,
          "timeRegions": [],
          "timeShift": null,
          "title": "Import CPU Utilization",
          "tooltip": {
            "msResolution": false,
            "shared": true,
            "sort": 0,
            "value_type": "individual"
          },
          "type": "graph",
          "xaxis": {
            "buckets": null,
            "mode": "time",
            "name": null,
            "show": true,
            "values": []
          },
          "yaxes": [
            {
              "format": "percentunit",
              "label": null,
              "logBase": 1,
              "max": null,
              "min": null,
              "show": true
            },
            {
              "format": "short",
              "label": null,
              "logBase": 1,
              "max": null,
              "min": null,
              "show": true
            }
          ],
          "yaxis": {
            "align": false,
            "alignLevel": null
          }
        },
        {
          "columns": [
            {
              "text": "Current",
              "value": "current"
            }
          ],
          "datasource": "${DS_TEST-CLUSTER}",
          "fontSize": "100%",
          "gridPos": {
            "h": 6,
            "w": 4,
            "x": 12,
            "y": 2
          },
          "id": 56,
          "links": [],
          "pageSize": null,
          "scroll": true,
          "showHeader": true,
          "sort": {
            "col": 0,
            "desc": true
          },
          "styles": [
            {
              "alias": "Time",
              "dateFormat": "YYYY-MM-DD HH:mm:ss",
              "pattern": "Time",
              "type": "date"
            },
            {
              "alias": "",
              "colorMode": null,
              "colors": [
                "rgba(245, 54, 54, 0.9)",
                "rgba(237, 129, 40, 0.89)",
                "rgba(50, 172, 45, 0.97)"
              ],
              "decimals": 2,
              "pattern": "/.*/",
              "thresholds": [],
              "type": "number",
              "unit": "short"
            }
          ],
          "targets": [
            {
              "expr": "count(rate(tikv_thread_cpu_seconds_total{k8s_cluster=\"$k8s_cluster\", tidb_cluster=\"$tidb_cluster\", instance=~\"$instance\", name=~\"sst_.*\"}[1m])) by (instance)",
              "format": "time_series",
              "interval": "",
              "intervalFactor": 1,
              "legendFormat": "{{instance}}",
              "refId": "A"
            }
          ],
          "timeFrom": null,
          "timeShift": null,
          "title": "Import Thread Count",
          "transform": "timeseries_aggregations",
          "type": "table"
        },
        {
          "aliasColors": {},
          "bars": false,
          "dashLength": 10,
          "dashes": false,
          "datasource": "${DS_TEST-CLUSTER}",
          "decimals": 2,
          "description": "",
          "fill": 1,
          "gridPos": {
            "h": 6,
            "w": 8,
            "x": 16,
            "y": 2
          },
          "id": 27,
          "legend": {
            "alignAsTable": true,
            "avg": false,
            "current": true,
            "max": true,
            "min": false,
            "rightSide": true,
            "show": true,
            "sideWidth": null,
            "total": false,
            "values": true
          },
          "lines": true,
          "linewidth": 1,
          "links": [],
          "nullPointMode": "null as zero",
          "percentage": false,
          "pointradius": 2,
          "points": false,
          "renderer": "flot",
          "seriesOverrides": [],
          "spaceLength": 10,
          "stack": false,
          "steppedLine": false,
          "targets": [
            {
              "expr": "delta(tikv_import_error_counter{k8s_cluster=\"$k8s_cluster\", tidb_cluster=\"$tidb_cluster\", instance=~\"$instance\"}[1m])",
              "format": "time_series",
              "hide": false,
              "intervalFactor": 1,
              "legendFormat": "{{type}} {{error}} {{instance}}",
              "refId": "D"
            }
          ],
          "thresholds": [],
          "timeFrom": null,
          "timeRegions": [],
          "timeShift": null,
          "title": "Import Errors",
          "tooltip": {
            "shared": true,
            "sort": 0,
            "value_type": "individual"
          },
          "type": "graph",
          "xaxis": {
            "buckets": null,
            "mode": "time",
            "name": null,
            "show": true,
            "values": []
          },
          "yaxes": [
            {
              "format": "none",
              "label": null,
              "logBase": 1,
              "max": null,
              "min": "0",
              "show": true
            },
            {
              "format": "none",
              "label": null,
              "logBase": 1,
              "max": null,
              "min": "0",
              "show": true
            }
          ],
          "yaxis": {
            "align": false,
            "alignLevel": null
          }
        },
        {
          "aliasColors": {},
          "bars": false,
          "dashLength": 10,
          "dashes": false,
          "datasource": "${DS_TEST-CLUSTER}",
          "fill": 1,
          "gridPos": {
            "h": 6,
            "w": 12,
            "x": 0,
            "y": 8
          },
          "id": 49,
          "legend": {
            "alignAsTable": true,
            "avg": false,
            "current": true,
            "max": true,
            "min": false,
            "rightSide": true,
            "show": true,
            "total": false,
            "values": true
          },
          "lines": true,
          "linewidth": 1,
          "links": [],
          "nullPointMode": "null",
          "percentage": false,
          "pointradius": 2,
          "points": false,
          "renderer": "flot",
          "seriesOverrides": [],
          "spaceLength": 10,
          "stack": false,
          "steppedLine": false,
          "targets": [
            {
              "expr": "histogram_quantile(0.99, sum(rate(tikv_import_rpc_duration_bucket{k8s_cluster=\"$k8s_cluster\", tidb_cluster=\"$tidb_cluster\", instance=~\"$instance\"}[1m])) by (le, request))",
              "format": "time_series",
              "hide": false,
              "intervalFactor": 1,
              "legendFormat": "{{request}}-99%",
              "refId": "A"
            }
          ],
          "thresholds": [],
          "timeFrom": null,
          "timeRegions": [],
          "timeShift": null,
          "title": "Import RPC Duration",
          "tooltip": {
            "shared": true,
            "sort": 0,
            "value_type": "individual"
          },
          "type": "graph",
          "xaxis": {
            "buckets": null,
            "mode": "time",
            "name": null,
            "show": true,
            "values": []
          },
          "yaxes": [
            {
              "format": "s",
              "label": null,
              "logBase": 1,
              "max": null,
              "min": null,
              "show": true
            },
            {
              "format": "short",
              "label": null,
              "logBase": 1,
              "max": null,
              "min": null,
              "show": true
            }
          ],
          "yaxis": {
            "align": false,
            "alignLevel": null
          }
        },
        {
          "aliasColors": {},
          "bars": false,
          "dashLength": 10,
          "dashes": false,
          "datasource": "${DS_TEST-CLUSTER}",
          "decimals": 1,
          "editable": true,
          "error": false,
          "fill": 0,
          "grid": {},
          "gridPos": {
            "h": 6,
            "w": 12,
            "x": 12,
            "y": 8
          },
          "id": 19,
          "legend": {
            "alignAsTable": true,
            "avg": false,
            "current": true,
            "hideEmpty": true,
            "max": true,
            "min": false,
            "rightSide": true,
            "show": true,
            "sideWidth": null,
            "sort": "current",
            "sortDesc": true,
            "total": false,
            "values": true
          },
          "lines": true,
          "linewidth": 1,
          "links": [],
          "nullPointMode": "null",
          "percentage": false,
          "pointradius": 5,
          "points": false,
          "renderer": "flot",
          "seriesOverrides": [],
          "spaceLength": 10,
          "stack": false,
          "steppedLine": false,
          "targets": [
            {
              "expr": "rate(node_disk_io_time_seconds_total{k8s_cluster=\"$k8s_cluster\", tidb_cluster=\"$tidb_cluster\"}[1m])",
              "format": "time_series",
              "intervalFactor": 2,
              "legendFormat": "{{instance}} - {{device}}",
              "metric": "tikv_thread_cpu_seconds_total",
              "refId": "A",
              "step": 4
            }
          ],
          "thresholds": [],
          "timeFrom": null,
          "timeRegions": [],
          "timeShift": null,
          "title": "IO Utilization",
          "tooltip": {
            "msResolution": false,
            "shared": true,
            "sort": 0,
            "value_type": "individual"
          },
          "type": "graph",
          "xaxis": {
            "buckets": null,
            "mode": "time",
            "name": null,
            "show": true,
            "values": []
          },
          "yaxes": [
            {
              "format": "percentunit",
              "label": null,
              "logBase": 1,
              "max": null,
              "min": null,
              "show": true
            },
            {
              "format": "short",
              "label": null,
              "logBase": 1,
              "max": null,
              "min": null,
              "show": true
            }
          ],
          "yaxis": {
            "align": false,
            "alignLevel": null
          }
        },
        {
          "cards": {
            "cardPadding": 0,
            "cardRound": 0
          },
          "color": {
            "cardColor": "#FF9830",
            "colorScale": "linear",
            "colorScheme": "interpolateSpectral",
            "exponent": 0.5,
            "max": null,
            "min": 0,
            "mode": "spectrum"
          },
          "dataFormat": "tsbuckets",
          "datasource": "${DS_TEST-CLUSTER}",
          "description": "",
          "gridPos": {
            "h": 7,
            "w": 6,
            "x": 0,
            "y": 14
          },
          "heatmap": {},
          "hideZeroBuckets": true,
          "highlightCards": true,
          "id": 46,
          "legend": {
            "alignAsTable": true,
            "avg": false,
            "current": true,
            "max": true,
            "min": false,
            "rightSide": true,
            "show": true,
            "sort": "current",
            "sortDesc": true,
            "total": false,
            "values": true
          },
          "links": [],
          "reverseYBuckets": false,
          "targets": [
            {
              "expr": "max(rate(tikv_import_rpc_duration_bucket{k8s_cluster=\"$k8s_cluster\", tidb_cluster=\"$tidb_cluster\", instance=~\"$instance\", request=~\"download|write\"}[1m])) by (le)",
              "format": "heatmap",
              "instant": false,
              "intervalFactor": 2,
              "legendFormat": "{{le}}",
              "refId": "A"
            }
          ],
          "title": "Import Write/Download RPC Duration",
          "tooltip": {
            "show": true,
            "showHistogram": true
          },
          "tooltipDecimals": 1,
          "type": "heatmap",
          "xAxis": {
            "show": true
          },
          "xBucketNumber": null,
          "xBucketSize": null,
          "yAxis": {
            "decimals": 1,
            "format": "s",
            "logBase": 1,
            "max": null,
            "min": null,
            "show": true,
            "splitFactor": null
          },
          "yBucketBound": "upper",
          "yBucketNumber": null,
          "yBucketSize": null
        },
        {
          "cards": {
            "cardPadding": 0,
            "cardRound": 0
          },
          "color": {
            "cardColor": "#FF9830",
            "colorScale": "linear",
            "colorScheme": "interpolateSpectral",
            "exponent": 0.5,
            "max": null,
            "min": 0,
            "mode": "spectrum"
          },
          "dataFormat": "tsbuckets",
          "datasource": "${DS_TEST-CLUSTER}",
          "description": "",
          "gridPos": {
            "h": 7,
            "w": 6,
            "x": 6,
            "y": 14
          },
          "heatmap": {},
          "hideZeroBuckets": true,
          "highlightCards": true,
          "id": 59,
          "legend": {
            "alignAsTable": true,
            "avg": false,
            "current": true,
            "max": true,
            "min": false,
            "rightSide": true,
            "show": true,
            "sort": "current",
            "sortDesc": true,
            "total": false,
            "values": true
          },
          "links": [],
          "reverseYBuckets": false,
          "targets": [
            {
              "expr": "max(rate(tikv_import_download_duration_bucket{k8s_cluster=\"$k8s_cluster\", tidb_cluster=\"$tidb_cluster\", instance=~\"$instance\", type=\"queue\"}[1m])) by (le)",
              "format": "heatmap",
              "instant": false,
              "intervalFactor": 2,
              "legendFormat": "{{le}}",
              "refId": "A"
            }
          ],
          "title": "Import Wait Duration",
          "tooltip": {
            "show": true,
            "showHistogram": true
          },
          "tooltipDecimals": 1,
          "type": "heatmap",
          "xAxis": {
            "show": true
          },
          "xBucketNumber": null,
          "xBucketSize": null,
          "yAxis": {
            "decimals": 1,
            "format": "s",
            "logBase": 1,
            "max": null,
            "min": null,
            "show": true,
            "splitFactor": null
          },
          "yBucketBound": "upper",
          "yBucketNumber": null,
          "yBucketSize": null
        },
        {
          "cards": {
            "cardPadding": 0,
            "cardRound": 0
          },
          "color": {
            "cardColor": "#FF9830",
            "colorScale": "linear",
            "colorScheme": "interpolateSpectral",
            "exponent": 0.5,
            "max": null,
            "min": 0,
            "mode": "spectrum"
          },
          "dataFormat": "tsbuckets",
          "datasource": "${DS_TEST-CLUSTER}",
          "description": "",
          "gridPos": {
            "h": 7,
            "w": 6,
            "x": 12,
            "y": 14
          },
          "heatmap": {},
          "hideZeroBuckets": true,
          "highlightCards": true,
          "id": 52,
          "legend": {
            "alignAsTable": true,
            "avg": false,
            "current": true,
            "max": true,
            "min": false,
            "rightSide": true,
            "show": true,
            "sort": "current",
            "sortDesc": true,
            "total": false,
            "values": true
          },
          "links": [],
          "reverseYBuckets": false,
          "targets": [
            {
              "expr": "max(rate(tikv_import_download_duration_bucket{k8s_cluster=\"$k8s_cluster\", tidb_cluster=\"$tidb_cluster\", instance=~\"$instance\", type=\"read\"}[1m])) by (le)",
              "format": "heatmap",
              "instant": false,
              "intervalFactor": 2,
              "legendFormat": "{{le}}",
              "refId": "A"
            }
          ],
          "title": "Import Read SST Duration",
          "tooltip": {
            "show": true,
            "showHistogram": true
          },
          "tooltipDecimals": 1,
          "type": "heatmap",
          "xAxis": {
            "show": true
          },
          "xBucketNumber": null,
          "xBucketSize": null,
          "yAxis": {
            "decimals": 1,
            "format": "s",
            "logBase": 1,
            "max": null,
            "min": null,
            "show": true,
            "splitFactor": null
          },
          "yBucketBound": "upper",
          "yBucketNumber": null,
          "yBucketSize": null
        },
        {
          "cards": {
            "cardPadding": 0,
            "cardRound": 0
          },
          "color": {
            "cardColor": "#FF9830",
            "colorScale": "linear",
            "colorScheme": "interpolateSpectral",
            "exponent": 0.5,
            "max": null,
            "min": 0,
            "mode": "spectrum"
          },
          "dataFormat": "tsbuckets",
          "datasource": "${DS_TEST-CLUSTER}",
          "description": "",
          "gridPos": {
            "h": 7,
            "w": 6,
            "x": 18,
            "y": 14
          },
          "heatmap": {},
          "hideZeroBuckets": true,
          "highlightCards": true,
          "id": 50,
          "legend": {
            "alignAsTable": true,
            "avg": false,
            "current": true,
            "max": true,
            "min": false,
            "rightSide": true,
            "show": true,
            "sort": "current",
            "sortDesc": true,
            "total": false,
            "values": true
          },
          "links": [],
          "reverseYBuckets": false,
          "targets": [
            {
              "expr": "max(rate(tikv_import_download_duration_bucket{k8s_cluster=\"$k8s_cluster\", tidb_cluster=\"$tidb_cluster\", instance=~\"$instance\", type=\"rewrite\"}[1m])) by (le)",
              "format": "heatmap",
              "instant": false,
              "intervalFactor": 2,
              "legendFormat": "{{le}}",
              "refId": "A"
            }
          ],
          "title": "Import Rewrite SST Duration",
          "tooltip": {
            "show": true,
            "showHistogram": true
          },
          "tooltipDecimals": 1,
          "type": "heatmap",
          "xAxis": {
            "show": true
          },
          "xBucketNumber": null,
          "xBucketSize": null,
          "yAxis": {
            "decimals": 1,
            "format": "s",
            "logBase": 1,
            "max": null,
            "min": null,
            "show": true,
            "splitFactor": null
          },
          "yBucketBound": "upper",
          "yBucketNumber": null,
          "yBucketSize": null
        },
        {
          "cards": {
            "cardPadding": 0,
            "cardRound": 0
          },
          "color": {
            "cardColor": "#FF9830",
            "colorScale": "linear",
            "colorScheme": "interpolateSpectral",
            "exponent": 0.5,
            "max": null,
            "min": 0,
            "mode": "spectrum"
          },
          "dataFormat": "tsbuckets",
          "datasource": "${DS_TEST-CLUSTER}",
          "description": "",
          "gridPos": {
            "h": 7,
            "w": 6,
            "x": 0,
            "y": 21
          },
          "heatmap": {},
          "hideZeroBuckets": true,
          "highlightCards": true,
          "id": 47,
          "legend": {
            "alignAsTable": true,
            "avg": false,
            "current": true,
            "max": true,
            "min": false,
            "rightSide": true,
            "show": true,
            "sort": "current",
            "sortDesc": true,
            "total": false,
            "values": true
          },
          "links": [],
          "reverseYBuckets": false,
          "targets": [
            {
              "expr": "max(rate(tikv_import_rpc_duration_bucket{k8s_cluster=\"$k8s_cluster\", tidb_cluster=\"$tidb_cluster\", instance=~\"$instance\", request=~\"ingest\"}[1m])) by (le)",
              "format": "heatmap",
              "instant": false,
              "intervalFactor": 2,
              "legendFormat": "{{le}}",
              "refId": "A"
            }
          ],
          "title": "Import Ingest RPC Duration",
          "tooltip": {
            "show": true,
            "showHistogram": true
          },
          "tooltipDecimals": 1,
          "type": "heatmap",
          "xAxis": {
            "show": true
          },
          "xBucketNumber": null,
          "xBucketSize": null,
          "yAxis": {
            "decimals": 1,
            "format": "s",
            "logBase": 1,
            "max": null,
            "min": null,
            "show": true,
            "splitFactor": null
          },
          "yBucketBound": "upper",
          "yBucketNumber": null,
          "yBucketSize": null
        },
        {
          "cards": {
            "cardPadding": 0,
            "cardRound": 0
          },
          "color": {
            "cardColor": "#FF9830",
            "colorScale": "linear",
            "colorScheme": "interpolateSpectral",
            "exponent": 0.5,
            "max": null,
            "min": 0,
            "mode": "spectrum"
          },
          "dataFormat": "tsbuckets",
          "datasource": "${DS_TEST-CLUSTER}",
          "description": "",
          "gridPos": {
            "h": 7,
            "w": 6,
            "x": 6,
            "y": 21
          },
          "heatmap": {},
          "hideZeroBuckets": true,
          "highlightCards": true,
          "id": 53,
          "legend": {
            "alignAsTable": true,
            "avg": false,
            "current": true,
            "max": true,
            "min": false,
            "rightSide": true,
            "show": true,
            "sort": "current",
            "sortDesc": true,
            "total": false,
            "values": true
          },
          "links": [],
          "reverseYBuckets": false,
          "targets": [
            {
              "expr": "max(rate(tikv_import_ingest_duration_bucket{k8s_cluster=\"$k8s_cluster\", tidb_cluster=\"$tidb_cluster\", instance=~\"$instance\", type=~\"ingest\"}[1m])) by (le)",
              "format": "heatmap",
              "instant": false,
              "intervalFactor": 2,
              "legendFormat": "{{le}}",
              "refId": "A"
            }
          ],
          "title": "Import Ingest SST Duration",
          "tooltip": {
            "show": true,
            "showHistogram": true
          },
          "tooltipDecimals": 1,
          "type": "heatmap",
          "xAxis": {
            "show": true
          },
          "xBucketNumber": null,
          "xBucketSize": null,
          "yAxis": {
            "decimals": 1,
            "format": "s",
            "logBase": 1,
            "max": null,
            "min": null,
            "show": true,
            "splitFactor": null
          },
          "yBucketBound": "upper",
          "yBucketNumber": null,
          "yBucketSize": null
        },
        {
          "cards": {
            "cardPadding": 0,
            "cardRound": 0
          },
          "color": {
            "cardColor": "#FF9830",
            "colorScale": "linear",
            "colorScheme": "interpolateSpectral",
            "exponent": 0.5,
            "max": null,
            "min": 0,
            "mode": "spectrum"
          },
          "dataFormat": "tsbuckets",
          "datasource": "${DS_TEST-CLUSTER}",
          "description": "",
          "gridPos": {
            "h": 7,
            "w": 6,
            "x": 12,
            "y": 21
          },
          "heatmap": {},
          "hideZeroBuckets": true,
          "highlightCards": true,
          "id": 54,
          "legend": {
            "alignAsTable": true,
            "avg": false,
            "current": true,
            "max": true,
            "min": false,
            "rightSide": true,
            "show": true,
            "sort": "current",
            "sortDesc": true,
            "total": false,
            "values": true
          },
          "links": [],
          "reverseYBuckets": false,
          "targets": [
            {
              "expr": "max(rate(tikv_import_ingest_byte{k8s_cluster=\"$k8s_cluster\", tidb_cluster=\"$tidb_cluster\", instance=~\"$instance\"}[1m])) by (le)",
              "format": "heatmap",
              "instant": false,
              "intervalFactor": 2,
              "legendFormat": "{{le}}",
              "refId": "A"
            }
          ],
          "title": "Import Ingest SST Bytes",
          "tooltip": {
            "show": true,
            "showHistogram": true
          },
          "tooltipDecimals": 1,
          "type": "heatmap",
          "xAxis": {
            "show": true
          },
          "xBucketNumber": null,
          "xBucketSize": null,
          "yAxis": {
            "decimals": 1,
            "format": "s",
            "logBase": 1,
            "max": null,
            "min": null,
            "show": true,
            "splitFactor": null
          },
          "yBucketBound": "upper",
          "yBucketNumber": null,
          "yBucketSize": null
        },
        {
          "aliasColors": {},
          "bars": false,
          "dashLength": 10,
          "dashes": false,
          "datasource": "${DS_TEST-CLUSTER}",
          "fill": 1,
          "gridPos": {
            "h": 7,
            "w": 6,
            "x": 18,
            "y": 21
          },
          "id": 31,
          "legend": {
            "alignAsTable": true,
            "avg": false,
            "current": true,
            "max": true,
            "min": false,
            "rightSide": false,
            "show": true,
            "total": false,
            "values": true
          },
          "lines": true,
          "linewidth": 1,
          "links": [],
          "nullPointMode": "null",
          "percentage": false,
          "pointradius": 2,
          "points": false,
          "renderer": "flot",
          "seriesOverrides": [],
          "spaceLength": 10,
          "stack": false,
          "steppedLine": false,
          "targets": [
            {
              "expr": "sum(rate(tikv_import_download_bytes_sum{k8s_cluster=\"$k8s_cluster\", tidb_cluster=\"$tidb_cluster\", instance=~\"$instance\"}[1m]))",
              "format": "time_series",
              "intervalFactor": 1,
              "legendFormat": "total",
              "refId": "A"
            },
            {
              "expr": "rate(tikv_import_download_bytes_sum{k8s_cluster=\"$k8s_cluster\", tidb_cluster=\"$tidb_cluster\"}[1m])",
              "format": "time_series",
              "intervalFactor": 1,
              "legendFormat": "{{instance}}",
              "refId": "B"
            }
          ],
          "thresholds": [],
          "timeFrom": null,
          "timeRegions": [],
          "timeShift": null,
          "title": "Import Download SST Throughput",
          "tooltip": {
            "shared": true,
            "sort": 0,
            "value_type": "individual"
          },
          "type": "graph",
          "xaxis": {
            "buckets": null,
            "mode": "time",
            "name": null,
            "show": true,
            "values": []
          },
          "yaxes": [
            {
              "format": "Bps",
              "label": null,
              "logBase": 1,
              "max": null,
              "min": null,
              "show": true
            },
            {
              "format": "short",
              "label": null,
              "logBase": 1,
              "max": null,
              "min": null,
              "show": true
            }
          ],
          "yaxis": {
            "align": false,
            "alignLevel": null
          }
        },
        {
          "aliasColors": {},
          "bars": false,
          "dashLength": 10,
          "dashes": false,
          "datasource": "${DS_TEST-CLUSTER}",
          "decimals": 1,
          "description": "The number of leaders on each TiKV instance",
          "editable": true,
          "error": false,
          "fill": 0,
          "grid": {},
          "gridPos": {
            "h": 6,
            "w": 12,
            "x": 0,
            "y": 28
          },
          "id": 25,
          "legend": {
            "alignAsTable": true,
            "avg": false,
            "current": true,
            "max": true,
            "min": false,
            "rightSide": true,
            "show": true,
            "sideWidth": null,
            "sort": "current",
            "sortDesc": true,
            "total": false,
            "values": true
          },
          "lines": true,
          "linewidth": 1,
          "links": [],
          "nullPointMode": "null",
          "percentage": false,
          "pointradius": 5,
          "points": false,
          "renderer": "flot",
          "seriesOverrides": [
            {
              "alias": "total",
              "lines": false
            }
          ],
          "spaceLength": 10,
          "stack": false,
          "steppedLine": false,
          "targets": [
            {
              "expr": "sum(tikv_raftstore_region_count{k8s_cluster=\"$k8s_cluster\", tidb_cluster=\"$tidb_cluster\", instance=~\"$instance\", type=\"leader\"}) by (instance)",
              "format": "time_series",
              "hide": false,
              "intervalFactor": 2,
              "legendFormat": "{{instance}}",
              "refId": "A",
              "step": 10
            },
            {
              "expr": "delta(tikv_raftstore_region_count{k8s_cluster=\"$k8s_cluster\", tidb_cluster=\"$tidb_cluster\", instance=~\"$instance\", type=\"leader\"}[30s]) < -10",
              "format": "time_series",
              "hide": true,
              "intervalFactor": 2,
              "legendFormat": "",
              "refId": "B"
            }
          ],
          "thresholds": [],
          "timeFrom": null,
          "timeRegions": [],
          "timeShift": null,
          "title": "Leader",
          "tooltip": {
            "msResolution": false,
            "shared": true,
            "sort": 0,
            "value_type": "cumulative"
          },
          "type": "graph",
          "xaxis": {
            "buckets": null,
            "mode": "time",
            "name": null,
            "show": true,
            "values": []
          },
          "yaxes": [
            {
              "format": "short",
              "label": null,
              "logBase": 1,
              "max": null,
              "min": "0",
              "show": true
            },
            {
              "format": "short",
              "label": null,
              "logBase": 1,
              "max": null,
              "min": null,
              "show": true
            }
          ],
          "yaxis": {
            "align": false,
            "alignLevel": null
          }
        },
        {
          "aliasColors": {},
          "bars": false,
          "dashLength": 10,
          "dashes": false,
          "datasource": "${DS_TEST-CLUSTER}",
          "decimals": 1,
          "description": "The number of Regions on each TiKV instance",
          "editable": true,
          "error": false,
          "fill": 0,
          "grid": {},
          "gridPos": {
            "h": 6,
            "w": 12,
            "x": 12,
            "y": 28
          },
          "id": 29,
          "legend": {
            "alignAsTable": true,
            "avg": false,
            "current": true,
            "max": true,
            "min": false,
            "rightSide": true,
            "show": true,
            "sideWidth": null,
            "sort": "current",
            "sortDesc": true,
            "total": false,
            "values": true
          },
          "lines": true,
          "linewidth": 1,
          "links": [],
          "nullPointMode": "null",
          "percentage": false,
          "pointradius": 5,
          "points": false,
          "renderer": "flot",
          "seriesOverrides": [],
          "spaceLength": 10,
          "stack": false,
          "steppedLine": false,
          "targets": [
            {
              "expr": "sum(tikv_raftstore_region_count{k8s_cluster=\"$k8s_cluster\", tidb_cluster=\"$tidb_cluster\", instance=~\"$instance\", type=\"region\"}) by (instance)",
              "format": "time_series",
              "intervalFactor": 2,
              "legendFormat": "{{instance}}",
              "refId": "A",
              "step": 10
            }
          ],
          "thresholds": [],
          "timeFrom": null,
          "timeRegions": [],
          "timeShift": null,
          "title": "Region",
          "tooltip": {
            "msResolution": false,
            "shared": true,
            "sort": 0,
            "value_type": "cumulative"
          },
          "type": "graph",
          "xaxis": {
            "buckets": null,
            "mode": "time",
            "name": null,
            "show": true,
            "values": []
          },
          "yaxes": [
            {
              "format": "short",
              "label": "",
              "logBase": 1,
              "max": null,
              "min": null,
              "show": true
            },
            {
              "format": "short",
              "label": null,
              "logBase": 1,
              "max": null,
              "min": null,
              "show": false
            }
          ],
          "yaxis": {
            "align": false,
            "alignLevel": null
          }
        },
        {
          "aliasColors": {},
          "bars": false,
          "dashLength": 10,
          "dashes": false,
          "datasource": "${DS_TEST-CLUSTER}",
          "decimals": 1,
          "description": "",
          "editable": true,
          "error": false,
          "fill": 1,
          "grid": {},
          "gridPos": {
            "h": 6,
            "w": 12,
            "x": 0,
            "y": 34
          },
          "id": 57,
          "legend": {
            "alignAsTable": true,
            "avg": false,
            "current": true,
            "hideEmpty": false,
            "max": true,
            "min": false,
            "rightSide": true,
            "show": true,
            "sideWidth": null,
            "sort": "current",
            "sortDesc": true,
            "total": false,
            "values": true
          },
          "lines": true,
          "linewidth": 1,
          "links": [],
          "nullPointMode": "null as zero",
          "percentage": false,
          "pointradius": 5,
          "points": false,
          "renderer": "flot",
          "seriesOverrides": [],
          "spaceLength": 10,
          "stack": false,
          "steppedLine": false,
          "targets": [
            {
              "expr": "histogram_quantile(1, sum(rate(tikv_coprocessor_request_duration_seconds_bucket{k8s_cluster=\"$k8s_cluster\", tidb_cluster=\"$tidb_cluster\", instance=~\"$instance\", req=~\"checksum.*|analyze.*\"}[1m])) by (le,req))",
              "format": "time_series",
              "intervalFactor": 2,
              "legendFormat": "{{req}}-100%",
              "refId": "E"
            },
            {
              "expr": "histogram_quantile(0.99, sum(rate(tikv_coprocessor_request_duration_seconds_bucket{k8s_cluster=\"$k8s_cluster\", tidb_cluster=\"$tidb_cluster\", instance=~\"$instance\", req=~\"checksum.*|analyze.*\"}[1m])) by (le,req))",
              "format": "time_series",
              "intervalFactor": 2,
              "legendFormat": "{{req}}-99%",
              "refId": "A",
              "step": 4
            }
          ],
          "thresholds": [],
          "timeFrom": null,
          "timeRegions": [],
          "timeShift": null,
          "title": "Checksum Request Duration",
          "tooltip": {
            "msResolution": false,
            "shared": true,
            "sort": 1,
            "value_type": "cumulative"
          },
          "type": "graph",
          "xaxis": {
            "buckets": null,
            "mode": "time",
            "name": null,
            "show": true,
            "values": []
          },
          "yaxes": [
            {
              "decimals": null,
              "format": "s",
              "label": null,
              "logBase": 1,
              "max": null,
              "min": null,
              "show": true
            },
            {
              "format": "short",
              "label": null,
              "logBase": 1,
              "max": null,
              "min": null,
              "show": false
            }
          ],
          "yaxis": {
            "align": false,
            "alignLevel": null
          }
        },
        {
          "aliasColors": {},
          "bars": false,
          "dashLength": 10,
          "dashes": false,
          "datasource": "${DS_TEST-CLUSTER}",
          "decimals": 1,
          "editable": true,
          "error": false,
          "fill": 0,
          "grid": {},
          "gridPos": {
            "h": 6,
            "w": 12,
            "x": 12,
            "y": 34
          },
          "id": 58,
          "legend": {
            "alignAsTable": true,
            "avg": false,
            "current": true,
            "hideEmpty": true,
            "max": true,
            "min": false,
            "rightSide": true,
            "show": true,
            "sideWidth": null,
            "sort": "current",
            "sortDesc": true,
            "total": false,
            "values": true
          },
          "lines": false,
          "linewidth": 1,
          "links": [],
          "nullPointMode": "null",
          "percentage": false,
          "pointradius": 2,
          "points": true,
          "renderer": "flot",
          "seriesOverrides": [],
          "spaceLength": 10,
          "stack": false,
          "steppedLine": false,
          "targets": [
            {
              "expr": "rate(node_disk_io_time_seconds_total{k8s_cluster=\"$k8s_cluster\", tidb_cluster=\"$tidb_cluster\"}[1m])",
              "format": "time_series",
              "intervalFactor": 2,
              "legendFormat": "{{instance}} - {{device}}",
              "metric": "tikv_thread_cpu_seconds_total",
              "refId": "A",
              "step": 4
            }
          ],
          "thresholds": [],
          "timeFrom": null,
          "timeRegions": [],
          "timeShift": null,
          "title": "IO Utilization",
          "tooltip": {
            "msResolution": false,
            "shared": true,
            "sort": 0,
            "value_type": "individual"
          },
          "type": "graph",
          "xaxis": {
            "buckets": null,
            "mode": "time",
            "name": null,
            "show": true,
            "values": []
          },
          "yaxes": [
            {
              "format": "percentunit",
              "label": null,
              "logBase": 1,
              "max": null,
              "min": null,
              "show": true
            },
            {
              "format": "short",
              "label": null,
              "logBase": 1,
              "max": null,
              "min": null,
              "show": true
            }
          ],
          "yaxis": {
            "align": false,
            "alignLevel": null
          }
        }
      ],
      "title": "Import",
      "type": "row"
    }
  ],
  "refresh": false,
  "schemaVersion": 18,
  "style": "dark",
  "tags": [],
  "templating": {
    "list": [
      {
        "allValue": null,
        "current": { },
        "datasource": "${DS_TEST-CLUSTER}",
        "hide": 2,
        "includeAll": false,
        "label": "K8s-cluster",
        "multi": false,
        "name": "k8s_cluster",
        "options": [ ],
        "query": "label_values(tikv_engine_size_bytes, k8s_cluster)",
        "refresh": 2,
        "regex": "",
        "sort": 1,
        "tagValuesQuery": "",
        "tags": [ ],
        "tagsQuery": "",
        "type": "query",
        "useTags": false
      },
      {
        "allValue": null,
        "current": {
        },
        "datasource": "${DS_TEST-CLUSTER}",
        "hide": 2,
        "includeAll": false,
        "label": "tidb_cluster",
        "multi": false,
        "name": "tidb_cluster",
        "options": [

        ],
        "query": "label_values(tikv_engine_size_bytes{k8s_cluster=\"$k8s_cluster\", tidb_cluster)",
        "refresh": 2,
        "regex": "",
        "sort": 1,
        "tagValuesQuery": "",
        "tags": [

        ],
        "tagsQuery": "",
        "type": "query",
        "useTags": false
      },
      {
        "allValue": ".*",
        "current": {},
        "datasource": "${DS_TEST-CLUSTER}",
        "definition": "label_values(tikv_engine_size_bytes, instance)",
        "hide": 0,
        "includeAll": true,
        "label": "TiKV",
        "multi": false,
        "name": "instance",
        "options": [],
        "query": "label_values(tikv_engine_size_bytes, instance)",
        "refresh": 1,
        "regex": "",
        "skipUrlSync": false,
        "sort": 1,
        "tagValuesQuery": "",
        "tags": [],
        "tagsQuery": "",
        "type": "query",
        "useTags": false
      }
    ]
  },
  "time": {
    "from": "now-30m",
    "to": "now"
  },
  "timepicker": {
    "refresh_intervals": [
      "5s",
      "10s",
      "30s",
      "1m",
      "5m",
      "15m",
      "30m",
      "1h",
      "2h",
      "1d"
    ],
    "time_options": [
      "5m",
      "15m",
      "1h",
      "6h",
      "12h",
      "24h",
      "2d",
      "7d",
      "30d"
    ]
  },
  "timezone": "",
  "title": "Test-Cluster-Backup & Import",
  "uid": "AzvioWLWz",
  "version": 27
}